department,admissions,revenue,avg_billing,avg_los,readmission_rate,avg_satisfaction,revenue_per_admission
Cardiology,1708,191326604.59,112017.91837822014,5.1323185011709604,10.772833723653395,3.7830245068738795,112017.91837822014
Emergency,1880,71658985.06,38116.48141489362,2.206914893617021,10.638297872340425,3.7375,38116.48141489362
General Medicine,2089,90190273.29,43173.898176160845,3.2144566778362855,11.010052656773576,3.7502443792766376,43173.898176160845
Gynecology,1157,65166905.37,56324.032299049264,3.2739844425237683,10.544511668107173,3.78141592920354,56324.032299049264
Nephrology,690,61676012.39,89385.52520289856,5.318840579710145,10.144927536231885,3.7310549777117386,89385.52520289856
Neurology,1199,128638705.85,107288.32848206839,6.260216847372811,10.758965804837365,3.7642069550466495,107288.32848206839
Oncology,1082,238407547.26,220339.69247689462,8.540665434380776,9.981515711645102,3.7032863849765256,220339.69247689462
Orthopedics,1586,208411023.86,131406.69852459017,6.416141235813367,10.025220680958386,3.7987179487179485,131406.69852459017
Pediatrics,1328,45829138.64,34509.89355421687,3.1920180722891565,10.466867469879517,3.758805513016845,34509.89355421687
Pulmonology,547,29563211.06,54046.08968921389,4.4021937842778796,11.882998171846435,3.7662337662337664,54046.08968921389
