diagnosis,admissions,revenue,avg_los,readmission_rate
Hypertension,975,73378079.28,4.137435897435897,11.794871794871794
Viral Fever,873,34397661.58,3.240549828178694,10.767468499427263
Diabetes Mellitus,552,23950651.59,3.1847826086956523,11.956521739130435
Gastroenteritis,506,21814433.87,3.1620553359683794,10.67193675889328
Trauma,492,18694912.74,2.2865853658536586,11.38211382113821
Accident Injury,486,18373621.68,2.1378600823045266,10.493827160493826
Acute Abdomen,467,17586382.39,2.2205567451820127,9.850107066381156
Heart Failure,443,49051854.79,4.995485327313769,9.932279909706546
Poisoning,435,17004068.25,2.179310344827586,10.804597701149426
Asthma,429,17455662.92,3.498834498834499,8.158508158508159
Sports Injury,425,55463409.79,6.277647058823529,10.117647058823529
Coronary Artery Disease,411,46696467.85,5.209245742092458,11.435523114355231
Spinal Disorder,409,53368384.18,6.36919315403423,10.513447432762836
Arrhythmia,398,44709887.57,5.180904522613066,8.793969849246231
Fracture,379,51276615.51,6.353562005277045,10.817941952506596
Joint Replacement,373,48302614.38,6.689008042895442,8.579088471849866
Malnutrition,351,12122117.43,3.3732193732193734,12.82051282051282
Respiratory Infection,326,11256091.46,3.042944785276074,9.815950920245399
Stroke,307,33687666.71,6.381107491856677,10.749185667752444
Parkinson's Disease,305,31896818.47,6.085245901639344,13.114754098360656
C-Section,298,17140018.63,3.365771812080537,12.080536912751679
PCOS,298,16709567.56,3.2114093959731544,11.74496644295302
Normal Delivery,295,16689265.8,3.1932203389830507,9.491525423728813
Migraine,294,31753492.53,6.051020408163265,10.204081632653061
Epilepsy,293,31300728.14,6.525597269624574,8.873720136518772
Colon Cancer,279,61176844.21,8.605734767025089,11.827956989247312
Leukemia,275,61272835.04,8.443636363636363,8.727272727272728
Breast Cancer,270,58789725.63,8.285185185185185,10.74074074074074
Menstrual Disorder,266,14628053.38,3.330827067669173,8.646616541353383
Lung Cancer,258,57168142.38,8.84108527131783,8.527131782945736
Dialysis,183,16312850.25,5.497267759562842,9.289617486338798
Kidney Stones,175,15555035.85,5.251428571428572,10.857142857142858
UTI,169,15463677.31,5.408284023668639,10.650887573964498
Chronic Kidney Disease,163,14344448.98,5.098159509202454,9.815950920245399
COPD,153,8222530.88,4.34640522875817,12.418300653594772
Pneumonia,135,7082038.28,4.451851851851852,13.333333333333334
Tuberculosis,120,6771750.08,4.566666666666666,11.666666666666666
