admission_date,admissions,revenue,avg_billing,revenue_growth_pct
2024-01-01,618,54007672.04,87391.05508090615,
2024-02-01,667,55358369.8,82996.05667166416,2.5009368280114463
2024-03-01,520,43921261.9,84463.96519230769,-20.660124099246868
2024-04-01,532,46242976.75,86922.88862781954,5.286084118635048
2024-05-01,478,40645910.53,85033.28562761507,-12.103602781150979
2024-06-01,490,41334066.62,84355.238,1.6930512344952353
2024-07-01,609,53526324.15,87892.1578817734,29.49687395166829
2024-08-01,612,51962262.35,84905.65743464053,-2.9220422377911337
2024-09-01,580,47448568.89,81807.87739655173,-8.68648372081513
2024-10-01,474,38475205.42,81171.3194514768,-18.911768426151998
2024-11-01,485,41412413.06,85386.41868041237,7.634027181757941
2024-12-01,600,54080514.21,90134.19035,30.590106236132474
2025-01-01,690,58597807.31,84924.35842028986,8.352903381167764
2025-02-01,570,49126866.65,86187.48535087719,-16.162619549731417
2025-03-01,477,41753440.53,87533.41830188679,-15.008948509847608
2025-04-01,467,39478746.37,84536.93012847965,-5.447920293815378
2025-05-01,502,42694312.23,85048.43073705179,8.145055645544797
2025-06-01,458,38698844.9,84495.29454148472,-9.358312902374156
2025-07-01,610,54989502.79,90146.7258852459,42.09597969163157
2025-08-01,596,50052291.34,83980.35459731544,-8.97846170541815
2025-09-01,558,46522824.25,83374.23700716846,-7.051559470124358
2025-10-01,496,42144981.59,84969.72094758066,-9.410096507629795
2025-11-01,519,42175720.910000004,81263.4314258189,0.07293708251920883
2025-12-01,658,56217522.78,85436.9647112462,33.29356693146801
